<?xml version="1.0" encoding="utf-8"?>
<odoo>
	<data noupdate="1">
		
		<!--Employee Loan Details -->
		<record id="property_rule_loan_officer" model="ir.rule">
			<field name="name">Officer loan Details</field>
			<field name="model_id" ref="model_employee_loan_details" />
			<field name="domain_force">[(1,'=',1)]</field>
			<field name="groups" eval="[(4,ref('hr.group_hr_user'))]" />
		</record>
	
		<record id="property_rule_loan_employee" model="ir.rule">
			<field name="name">Employee loan Details</field>
			<field name="model_id" ref="model_employee_loan_details" />
			<field name="domain_force">[('user_id','=',user.id)]</field>
			<field name="groups" eval="[(4,ref('base.group_user'))]" />
		</record>
		
		<record id="property_rule_loan_accountant" model="ir.rule">
			<field name="name">Accountant loan Details</field>
			<field name="model_id" ref="model_employee_loan_details" />
			<field name="domain_force">[(1,'=',1)]</field>
			<field name="groups" eval="[(4,ref('account.group_account_invoice'))]" />
		</record>
		
		<!--Writeoff Loan Details  
		<record id="rule_writeoff_loan_officer" model="ir.rule">
			<field name="name">Officer Writeoff</field>
			<field name="model_id" ref="model_loan_prepayment_writeoff" />
			<field name="domain_force">[(1,'=',1)]</field>
			<field name="groups" eval="[(4,ref('hr.group_hr_user'))]" />
		</record>
		
		<record id="rule_writeoff_loan_accountant" model="ir.rule">
			<field name="name">Accountant Writeoff</field>
			<field name="model_id" ref="model_loan_prepayment_writeoff" />
			<field name="domain_force">[(1,'=',1)]</field>
			<field name="groups" eval="[(4,ref('account.group_account_invoice'))]" />
		</record>
		-->
		
		<!--Loan Installments Details -->
		<record id="rule_loan_installment_officer" model="ir.rule">
			<field name="name">Officer Loan Installments</field>
			<field name="model_id" ref="model_loan_installment_details" />
			<field name="domain_force">[(1,'=',1)]</field>
			<field name="groups" eval="[(4,ref('hr.group_hr_user'))]" />
		</record>
		
		<record id="rule_loan_installment_accountant" model="ir.rule">
			<field name="name">Accountant Loan Installments</field>
			<field name="model_id" ref="model_loan_installment_details" />
			<field name="domain_force">[(1,'=',1)]</field>
			<field name="groups" eval="[(4,ref('account.group_account_invoice'))]" />
		</record>

	</data>
</odoo>
